,steepest_local_search_edges,MSLS
AVG,7595.5,6466.5
MIN,6973,6372
MAX,8218,6561
AVG TIME,0.7940444946289062,7.545497536659241

i,,,,,start_dist
0,8218,6561,55556
1,6973,6372,45666
