,MSLS,ILS1,ILS2
AVG,5584.5,4147.5,4857.0
MIN,5184,3933,4736
MAX,5985,4362,4978
AVG TIME,18.183135986328125,18.20022428035736,18.329359889030457

i,,,,,start_dist
0,5184,3933,4736
1,5985,4362,4978
