,MSLS,ILS1
AVG,5441.5,4108.0
MIN,5382,4068
MAX,5501,4148
AVG TIME,40.54276192188263,40.57225275039673

i,,,,,start_dist
0,5501,4068
1,5382,4148
