,MSLS,ILS1,ILS2
AVG,15973.0,13785.2,14152.4
MIN,15565,13520,13825
MAX,16468,14051,14407
AVG TIME,294.76813139915464,294.79999685287476,305.79942045211794

i,,,,,start_dist
0,15665,13749,14203
1,15565,13574,13825
2,16148,14032,14102
3,16468,13520,14225
4,16019,14051,14407
